[{"model": "auth.user", "pk": 1, "fields": {"password": "pbkdf2_sha256$36000$4BA4C3lcho4B$xxG90j6E1pwSUmaHYWr2GHuAdHn03XKQVCK92Ds2qgU=", "last_login": "2018-01-10T22:51:17.192Z", "is_superuser": true, "username": "admin", "first_name": "", "last_name": "", "email": "sffd@ddsfdf.com", "is_staff": true, "is_active": true, "date_joined": "2018-01-10T22:15:50.975Z", "groups": [], "user_permissions": []}}, {"model": "auth.user", "pk": 2, "fields": {"password": "hhill", "last_login": null, "is_superuser": false, "username": "hhill", "first_name": "", "last_name": "", "email": "nicholas01@gmail.com", "is_staff": false, "is_active": true, "date_joined": "2018-01-10T22:16:14.097Z", "groups": [], "user_permissions": []}}, {"model": "auth.user", "pk": 3, "fields": {"password": "williamstara", "last_login": null, "is_superuser": false, "username": "williamstara", "first_name": "", "last_name": "", "email": "caleb18@gmail.com", "is_staff": false, "is_active": true, "date_joined": "2018-01-10T22:16:14.204Z", "groups": [], "user_permissions": []}}, {"model": "auth.user", "pk": 4, "fields": {"password": "ihenson", "last_login": null, "is_superuser": false, "username": "ihenson", "first_name": "", "last_name": "", "email": "marc65@hotmail.com", "is_staff": false, "is_active": true, "date_joined": "2018-01-10T22:16:14.320Z", "groups": [], "user_permissions": []}}, {"model": "auth.user", "pk": 5, "fields": {"password": "yvettelee", "last_login": null, "is_superuser": false, "username": "yvettelee", "first_name": "", "last_name": "", "email": "eibarra@hotmail.com", "is_staff": false, "is_active": true, "date_joined": "2018-01-10T22:16:14.435Z", "groups": [], "user_permissions": []}}, {"model": "auth.user", "pk": 6, "fields": {"password": "drichmond", "last_login": null, "is_superuser": false, "username": "drichmond", "first_name": "", "last_name": "", "email": "amandamoore@morgan.biz", "is_staff": false, "is_active": true, "date_joined": "2018-01-10T22:16:14.539Z", "groups": [], "user_permissions": []}}, {"model": "auth.user", "pk": 7, "fields": {"password": "kristine79", "last_login": null, "is_superuser": false, "username": "kristine79", "first_name": "", "last_name": "", "email": "maryalvarado@gmail.com", "is_staff": false, "is_active": true, "date_joined": "2018-01-10T22:16:14.658Z", "groups": [], "user_permissions": []}}, {"model": "auth.user", "pk": 8, "fields": {"password": "rickeyduran", "last_login": null, "is_superuser": false, "username": "rickeyduran", "first_name": "", "last_name": "", "email": "phamthomas@greer.com", "is_staff": false, "is_active": true, "date_joined": "2018-01-10T22:16:14.757Z", "groups": [], "user_permissions": []}}, {"model": "auth.user", "pk": 9, "fields": {"password": "danielle67", "last_login": null, "is_superuser": false, "username": "danielle67", "first_name": "", "last_name": "", "email": "jamesanderson@pace.biz", "is_staff": false, "is_active": true, "date_joined": "2018-01-10T22:16:14.840Z", "groups": [], "user_permissions": []}}, {"model": "auth.user", "pk": 10, "fields": {"password": "levyrhonda", "last_login": null, "is_superuser": false, "username": "levyrhonda", "first_name": "", "last_name": "", "email": "omiller@yahoo.com", "is_staff": false, "is_active": true, "date_joined": "2018-01-10T22:16:14.922Z", "groups": [], "user_permissions": []}}, {"model": "auth.user", "pk": 11, "fields": {"password": "ingramkevin", "last_login": null, "is_superuser": false, "username": "ingramkevin", "first_name": "", "last_name": "", "email": "matthewssydney@hotmail.com", "is_staff": false, "is_active": true, "date_joined": "2018-01-10T22:16:15.038Z", "groups": [], "user_permissions": []}}, {"model": "auth.user", "pk": 12, "fields": {"password": "jasonrobinson", "last_login": null, "is_superuser": false, "username": "jasonrobinson", "first_name": "", "last_name": "", "email": "ahicks@payne.biz", "is_staff": false, "is_active": true, "date_joined": "2018-01-10T22:16:15.146Z", "groups": [], "user_permissions": []}}, {"model": "auth.user", "pk": 13, "fields": {"password": "tking", "last_login": null, "is_superuser": false, "username": "tking", "first_name": "", "last_name": "", "email": "lglover@hotmail.com", "is_staff": false, "is_active": true, "date_joined": "2018-01-10T22:16:15.297Z", "groups": [], "user_permissions": []}}, {"model": "auth.user", "pk": 14, "fields": {"password": "brendaelliott", "last_login": null, "is_superuser": false, "username": "brendaelliott", "first_name": "", "last_name": "", "email": "lisa21@cannon.org", "is_staff": false, "is_active": true, "date_joined": "2018-01-10T22:16:15.402Z", "groups": [], "user_permissions": []}}, {"model": "auth.user", "pk": 15, "fields": {"password": "graypaul", "last_login": null, "is_superuser": false, "username": "graypaul", "first_name": "", "last_name": "", "email": "tjohns@chan.info", "is_staff": false, "is_active": true, "date_joined": "2018-01-10T22:16:15.508Z", "groups": [], "user_permissions": []}}, {"model": "auth.user", "pk": 16, "fields": {"password": "phyllishartman", "last_login": null, "is_superuser": false, "username": "phyllishartman", "first_name": "", "last_name": "", "email": "mlloyd@cook.com", "is_staff": false, "is_active": true, "date_joined": "2018-01-10T22:16:15.615Z", "groups": [], "user_permissions": []}}, {"model": "auth.user", "pk": 17, "fields": {"password": "nancy70", "last_login": null, "is_superuser": false, "username": "nancy70", "first_name": "", "last_name": "", "email": "oliviamorris@todd.com", "is_staff": false, "is_active": true, "date_joined": "2018-01-10T22:16:15.740Z", "groups": [], "user_permissions": []}}, {"model": "auth.user", "pk": 18, "fields": {"password": "sheliabailey", "last_login": null, "is_superuser": false, "username": "sheliabailey", "first_name": "", "last_name": "", "email": "jennamiller@hotmail.com", "is_staff": false, "is_active": true, "date_joined": "2018-01-10T22:16:15.847Z", "groups": [], "user_permissions": []}}, {"model": "auth.user", "pk": 19, "fields": {"password": "angeldavis", "last_login": null, "is_superuser": false, "username": "angeldavis", "first_name": "", "last_name": "", "email": "hendersonangelica@arias.com", "is_staff": false, "is_active": true, "date_joined": "2018-01-10T22:16:15.988Z", "groups": [], "user_permissions": []}}, {"model": "auth.user", "pk": 20, "fields": {"password": "dawn23", "last_login": null, "is_superuser": false, "username": "dawn23", "first_name": "", "last_name": "", "email": "randolphshane@hotmail.com", "is_staff": false, "is_active": true, "date_joined": "2018-01-10T22:16:16.094Z", "groups": [], "user_permissions": []}}, {"model": "auth.user", "pk": 21, "fields": {"password": "xrice", "last_login": null, "is_superuser": false, "username": "xrice", "first_name": "", "last_name": "", "email": "maryhughes@gmail.com", "is_staff": false, "is_active": true, "date_joined": "2018-01-10T22:16:16.194Z", "groups": [], "user_permissions": []}}, {"model": "auth.user", "pk": 22, "fields": {"password": "bartlettcheryl", "last_login": null, "is_superuser": false, "username": "bartlettcheryl", "first_name": "", "last_name": "", "email": "scott02@stein.com", "is_staff": false, "is_active": true, "date_joined": "2018-01-10T22:16:16.284Z", "groups": [], "user_permissions": []}}, {"model": "auth.user", "pk": 23, "fields": {"password": "gnguyen", "last_login": null, "is_superuser": false, "username": "gnguyen", "first_name": "", "last_name": "", "email": "fsmith@gmail.com", "is_staff": false, "is_active": true, "date_joined": "2018-01-10T22:16:16.391Z", "groups": [], "user_permissions": []}}, {"model": "auth.user", "pk": 24, "fields": {"password": "maria56", "last_login": null, "is_superuser": false, "username": "maria56", "first_name": "", "last_name": "", "email": "sonia09@yahoo.com", "is_staff": false, "is_active": true, "date_joined": "2018-01-10T22:16:16.490Z", "groups": [], "user_permissions": []}}, {"model": "auth.user", "pk": 25, "fields": {"password": "wroman", "last_login": null, "is_superuser": false, "username": "wroman", "first_name": "", "last_name": "", "email": "markvilla@hotmail.com", "is_staff": false, "is_active": true, "date_joined": "2018-01-10T22:16:16.632Z", "groups": [], "user_permissions": []}}, {"model": "auth.user", "pk": 26, "fields": {"password": "morganrobinson", "last_login": null, "is_superuser": false, "username": "morganrobinson", "first_name": "", "last_name": "", "email": "andrea19@gmail.com", "is_staff": false, "is_active": true, "date_joined": "2018-01-10T22:16:16.746Z", "groups": [], "user_permissions": []}}, {"model": "auth.user", "pk": 27, "fields": {"password": "irobinson", "last_login": null, "is_superuser": false, "username": "irobinson", "first_name": "", "last_name": "", "email": "zcisneros@collins.net", "is_staff": false, "is_active": true, "date_joined": "2018-01-10T22:16:16.836Z", "groups": [], "user_permissions": []}}, {"model": "auth.user", "pk": 28, "fields": {"password": "eboyd", "last_login": null, "is_superuser": false, "username": "eboyd", "first_name": "", "last_name": "", "email": "andrew16@munoz-adams.com", "is_staff": false, "is_active": true, "date_joined": "2018-01-10T22:16:16.944Z", "groups": [], "user_permissions": []}}, {"model": "auth.user", "pk": 29, "fields": {"password": "pguerrero", "last_login": null, "is_superuser": false, "username": "pguerrero", "first_name": "", "last_name": "", "email": "gabriel18@yahoo.com", "is_staff": false, "is_active": true, "date_joined": "2018-01-10T22:16:17.051Z", "groups": [], "user_permissions": []}}, {"model": "auth.user", "pk": 30, "fields": {"password": "cervantessean", "last_login": null, "is_superuser": false, "username": "cervantessean", "first_name": "", "last_name": "", "email": "stephaniemartin@gmail.com", "is_staff": false, "is_active": true, "date_joined": "2018-01-10T22:16:17.167Z", "groups": [], "user_permissions": []}}, {"model": "auth.user", "pk": 31, "fields": {"password": "kelleybenjamin", "last_login": null, "is_superuser": false, "username": "kelleybenjamin", "first_name": "", "last_name": "", "email": "wmcclure@hotmail.com", "is_staff": false, "is_active": true, "date_joined": "2018-01-10T22:16:17.282Z", "groups": [], "user_permissions": []}}, {"model": "auth.user", "pk": 32, "fields": {"password": "laura48", "last_login": null, "is_superuser": false, "username": "laura48", "first_name": "", "last_name": "", "email": "christopher43@stanley.org", "is_staff": false, "is_active": true, "date_joined": "2018-01-10T22:16:17.381Z", "groups": [], "user_permissions": []}}, {"model": "auth.user", "pk": 33, "fields": {"password": "joseph32", "last_login": null, "is_superuser": false, "username": "joseph32", "first_name": "", "last_name": "", "email": "jcampbell@espinoza-bullock.com", "is_staff": false, "is_active": true, "date_joined": "2018-01-10T22:16:17.488Z", "groups": [], "user_permissions": []}}, {"model": "auth.user", "pk": 34, "fields": {"password": "samantha21", "last_login": null, "is_superuser": false, "username": "samantha21", "first_name": "", "last_name": "", "email": "patelisaac@yahoo.com", "is_staff": false, "is_active": true, "date_joined": "2018-01-10T22:16:17.604Z", "groups": [], "user_permissions": []}}, {"model": "auth.user", "pk": 35, "fields": {"password": "huntamanda", "last_login": null, "is_superuser": false, "username": "huntamanda", "first_name": "", "last_name": "", "email": "howardsellers@gmail.com", "is_staff": false, "is_active": true, "date_joined": "2018-01-10T22:16:17.719Z", "groups": [], "user_permissions": []}}, {"model": "auth.user", "pk": 36, "fields": {"password": "cherylfitzgerald", "last_login": null, "is_superuser": false, "username": "cherylfitzgerald", "first_name": "", "last_name": "", "email": "chavezhannah@gmail.com", "is_staff": false, "is_active": true, "date_joined": "2018-01-10T22:16:17.818Z", "groups": [], "user_permissions": []}}, {"model": "auth.user", "pk": 37, "fields": {"password": "meghan42", "last_login": null, "is_superuser": false, "username": "meghan42", "first_name": "", "last_name": "", "email": "williamevans@grant.org", "is_staff": false, "is_active": true, "date_joined": "2018-01-10T22:16:17.950Z", "groups": [], "user_permissions": []}}, {"model": "auth.user", "pk": 38, "fields": {"password": "taylorjohn", "last_login": null, "is_superuser": false, "username": "taylorjohn", "first_name": "", "last_name": "", "email": "wolfedeborah@yahoo.com", "is_staff": false, "is_active": true, "date_joined": "2018-01-10T22:16:18.083Z", "groups": [], "user_permissions": []}}, {"model": "auth.user", "pk": 39, "fields": {"password": "hreid", "last_login": null, "is_superuser": false, "username": "hreid", "first_name": "", "last_name": "", "email": "lauriehall@martin.com", "is_staff": false, "is_active": true, "date_joined": "2018-01-10T22:16:18.181Z", "groups": [], "user_permissions": []}}, {"model": "auth.user", "pk": 40, "fields": {"password": "kleincarla", "last_login": null, "is_superuser": false, "username": "kleincarla", "first_name": "", "last_name": "", "email": "jennifer47@hotmail.com", "is_staff": false, "is_active": true, "date_joined": "2018-01-10T22:16:18.289Z", "groups": [], "user_permissions": []}}, {"model": "auth.user", "pk": 41, "fields": {"password": "johnsontami", "last_login": null, "is_superuser": false, "username": "johnsontami", "first_name": "", "last_name": "", "email": "cortezgerald@williams-marshall.com", "is_staff": false, "is_active": true, "date_joined": "2018-01-10T22:16:18.388Z", "groups": [], "user_permissions": []}}, {"model": "auth.user", "pk": 42, "fields": {"password": "timothy61", "last_login": null, "is_superuser": false, "username": "timothy61", "first_name": "", "last_name": "", "email": "peterharding@gmail.com", "is_staff": false, "is_active": true, "date_joined": "2018-01-10T22:16:18.487Z", "groups": [], "user_permissions": []}}, {"model": "auth.user", "pk": 43, "fields": {"password": "starkandrew", "last_login": null, "is_superuser": false, "username": "starkandrew", "first_name": "", "last_name": "", "email": "donnaclark@hotmail.com", "is_staff": false, "is_active": true, "date_joined": "2018-01-10T22:16:18.619Z", "groups": [], "user_permissions": []}}, {"model": "auth.user", "pk": 44, "fields": {"password": "chapmanlaura", "last_login": null, "is_superuser": false, "username": "chapmanlaura", "first_name": "", "last_name": "", "email": "brian19@gmail.com", "is_staff": false, "is_active": true, "date_joined": "2018-01-10T22:16:18.726Z", "groups": [], "user_permissions": []}}, {"model": "auth.user", "pk": 45, "fields": {"password": "skinnerjerry", "last_login": null, "is_superuser": false, "username": "skinnerjerry", "first_name": "", "last_name": "", "email": "tara73@mcbride-thornton.biz", "is_staff": false, "is_active": true, "date_joined": "2018-01-10T22:16:18.825Z", "groups": [], "user_permissions": []}}, {"model": "auth.user", "pk": 46, "fields": {"password": "fisherthomas", "last_login": null, "is_superuser": false, "username": "fisherthomas", "first_name": "", "last_name": "", "email": "melissa30@crawford.com", "is_staff": false, "is_active": true, "date_joined": "2018-01-10T22:16:18.949Z", "groups": [], "user_permissions": []}}, {"model": "auth.user", "pk": 47, "fields": {"password": "fsmith", "last_login": null, "is_superuser": false, "username": "fsmith", "first_name": "", "last_name": "", "email": "xlopez@yahoo.com", "is_staff": false, "is_active": true, "date_joined": "2018-01-10T22:16:19.048Z", "groups": [], "user_permissions": []}}, {"model": "auth.user", "pk": 48, "fields": {"password": "ecarter", "last_login": null, "is_superuser": false, "username": "ecarter", "first_name": "", "last_name": "", "email": "tracyhoward@gmail.com", "is_staff": false, "is_active": true, "date_joined": "2018-01-10T22:16:19.193Z", "groups": [], "user_permissions": []}}, {"model": "auth.user", "pk": 49, "fields": {"password": "bryanclark", "last_login": null, "is_superuser": false, "username": "bryanclark", "first_name": "", "last_name": "", "email": "frazierkelly@gmail.com", "is_staff": false, "is_active": true, "date_joined": "2018-01-10T22:16:19.295Z", "groups": [], "user_permissions": []}}, {"model": "auth.user", "pk": 50, "fields": {"password": "gonzalezjeffrey", "last_login": null, "is_superuser": false, "username": "gonzalezjeffrey", "first_name": "", "last_name": "", "email": "lucerorichard@rivera-gardner.net", "is_staff": false, "is_active": true, "date_joined": "2018-01-10T22:16:19.395Z", "groups": [], "user_permissions": []}}, {"model": "auth.user", "pk": 51, "fields": {"password": "tcain", "last_login": null, "is_superuser": false, "username": "tcain", "first_name": "", "last_name": "", "email": "william49@wheeler.com", "is_staff": false, "is_active": true, "date_joined": "2018-01-10T22:16:19.493Z", "groups": [], "user_permissions": []}}, {"model": "rentals.userprofile", "pk": 2, "fields": {"cell_phone": "8187135310", "groups": [], "user_permissions": []}}, {"model": "rentals.userprofile", "pk": 3, "fields": {"cell_phone": "8187407273", "groups": [], "user_permissions": []}}, {"model": "rentals.userprofile", "pk": 4, "fields": {"cell_phone": "8188451682", "groups": [], "user_permissions": []}}, {"model": "rentals.userprofile", "pk": 5, "fields": {"cell_phone": "8187735237", "groups": [], "user_permissions": []}}, {"model": "rentals.userprofile", "pk": 6, "fields": {"cell_phone": "8187191020", "groups": [], "user_permissions": []}}, {"model": "rentals.userprofile", "pk": 7, "fields": {"cell_phone": "8183878603", "groups": [], "user_permissions": []}}, {"model": "rentals.userprofile", "pk": 8, "fields": {"cell_phone": "8186299792", "groups": [], "user_permissions": []}}, {"model": "rentals.userprofile", "pk": 9, "fields": {"cell_phone": "8185173117", "groups": [], "user_permissions": []}}, {"model": "rentals.userprofile", "pk": 10, "fields": {"cell_phone": "8184331044", "groups": [], "user_permissions": []}}, {"model": "rentals.userprofile", "pk": 11, "fields": {"cell_phone": "8188637837", "groups": [], "user_permissions": []}}, {"model": "rentals.userprofile", "pk": 12, "fields": {"cell_phone": "8187673273", "groups": [], "user_permissions": []}}, {"model": "rentals.userprofile", "pk": 13, "fields": {"cell_phone": "8186237666", "groups": [], "user_permissions": []}}, {"model": "rentals.userprofile", "pk": 14, "fields": {"cell_phone": "8187472292", "groups": [], "user_permissions": []}}, {"model": "rentals.userprofile", "pk": 15, "fields": {"cell_phone": "8181284617", "groups": [], "user_permissions": []}}, {"model": "rentals.userprofile", "pk": 16, "fields": {"cell_phone": "8188484777", "groups": [], "user_permissions": []}}, {"model": "rentals.userprofile", "pk": 17, "fields": {"cell_phone": "8189824672", "groups": [], "user_permissions": []}}, {"model": "rentals.userprofile", "pk": 18, "fields": {"cell_phone": "8182076771", "groups": [], "user_permissions": []}}, {"model": "rentals.userprofile", "pk": 19, "fields": {"cell_phone": "8182046235", "groups": [], "user_permissions": []}}, {"model": "rentals.userprofile", "pk": 20, "fields": {"cell_phone": "8182513320", "groups": [], "user_permissions": []}}, {"model": "rentals.userprofile", "pk": 21, "fields": {"cell_phone": "8186577319", "groups": [], "user_permissions": []}}, {"model": "rentals.userprofile", "pk": 22, "fields": {"cell_phone": "8182262411", "groups": [], "user_permissions": []}}, {"model": "rentals.userprofile", "pk": 23, "fields": {"cell_phone": "8183777680", "groups": [], "user_permissions": []}}, {"model": "rentals.userprofile", "pk": 24, "fields": {"cell_phone": "8189462248", "groups": [], "user_permissions": []}}, {"model": "rentals.userprofile", "pk": 25, "fields": {"cell_phone": "8188000084", "groups": [], "user_permissions": []}}, {"model": "rentals.userprofile", "pk": 26, "fields": {"cell_phone": "8187381393", "groups": [], "user_permissions": []}}, {"model": "rentals.userprofile", "pk": 27, "fields": {"cell_phone": "8184567671", "groups": [], "user_permissions": []}}, {"model": "rentals.userprofile", "pk": 28, "fields": {"cell_phone": "8189559146", "groups": [], "user_permissions": []}}, {"model": "rentals.userprofile", "pk": 29, "fields": {"cell_phone": "8182285982", "groups": [], "user_permissions": []}}, {"model": "rentals.userprofile", "pk": 30, "fields": {"cell_phone": "8189489129", "groups": [], "user_permissions": []}}, {"model": "rentals.userprofile", "pk": 31, "fields": {"cell_phone": "8184795830", "groups": [], "user_permissions": []}}, {"model": "rentals.userprofile", "pk": 32, "fields": {"cell_phone": "8182212177", "groups": [], "user_permissions": []}}, {"model": "rentals.userprofile", "pk": 33, "fields": {"cell_phone": "8189742485", "groups": [], "user_permissions": []}}, {"model": "rentals.userprofile", "pk": 34, "fields": {"cell_phone": "8185386496", "groups": [], "user_permissions": []}}, {"model": "rentals.userprofile", "pk": 35, "fields": {"cell_phone": "8181333491", "groups": [], "user_permissions": []}}, {"model": "rentals.userprofile", "pk": 36, "fields": {"cell_phone": "8182838076", "groups": [], "user_permissions": []}}, {"model": "rentals.userprofile", "pk": 37, "fields": {"cell_phone": "8185579600", "groups": [], "user_permissions": []}}, {"model": "rentals.userprofile", "pk": 38, "fields": {"cell_phone": "8181594741", "groups": [], "user_permissions": []}}, {"model": "rentals.userprofile", "pk": 39, "fields": {"cell_phone": "8182220494", "groups": [], "user_permissions": []}}, {"model": "rentals.userprofile", "pk": 40, "fields": {"cell_phone": "8189322983", "groups": [], "user_permissions": []}}, {"model": "rentals.userprofile", "pk": 41, "fields": {"cell_phone": "8185179232", "groups": [], "user_permissions": []}}, {"model": "rentals.userprofile", "pk": 42, "fields": {"cell_phone": "8188622286", "groups": [], "user_permissions": []}}, {"model": "rentals.userprofile", "pk": 43, "fields": {"cell_phone": "8184066981", "groups": [], "user_permissions": []}}, {"model": "rentals.userprofile", "pk": 44, "fields": {"cell_phone": "8186350281", "groups": [], "user_permissions": []}}, {"model": "rentals.userprofile", "pk": 45, "fields": {"cell_phone": "8182271898", "groups": [], "user_permissions": []}}, {"model": "rentals.userprofile", "pk": 46, "fields": {"cell_phone": "8184078975", "groups": [], "user_permissions": []}}, {"model": "rentals.userprofile", "pk": 47, "fields": {"cell_phone": "8187079474", "groups": [], "user_permissions": []}}, {"model": "rentals.userprofile", "pk": 48, "fields": {"cell_phone": "8186762595", "groups": [], "user_permissions": []}}, {"model": "rentals.userprofile", "pk": 49, "fields": {"cell_phone": "8188469793", "groups": [], "user_permissions": []}}, {"model": "rentals.userprofile", "pk": 50, "fields": {"cell_phone": "8187509068", "groups": [], "user_permissions": []}}, {"model": "rentals.userprofile", "pk": 51, "fields": {"cell_phone": "8183754600", "groups": [], "user_permissions": []}}, {"model": "rentals.homeowner", "pk": 2, "fields": {"groups": [], "user_permissions": []}}, {"model": "rentals.homeowner", "pk": 4, "fields": {"groups": [], "user_permissions": []}}, {"model": "rentals.homeowner", "pk": 6, "fields": {"groups": [], "user_permissions": []}}, {"model": "rentals.homeowner", "pk": 8, "fields": {"groups": [], "user_permissions": []}}, {"model": "rentals.homeowner", "pk": 10, "fields": {"groups": [], "user_permissions": []}}, {"model": "rentals.homeowner", "pk": 12, "fields": {"groups": [], "user_permissions": []}}, {"model": "rentals.homeowner", "pk": 14, "fields": {"groups": [], "user_permissions": []}}, {"model": "rentals.homeowner", "pk": 16, "fields": {"groups": [], "user_permissions": []}}, {"model": "rentals.homeowner", "pk": 18, "fields": {"groups": [], "user_permissions": []}}, {"model": "rentals.homeowner", "pk": 20, "fields": {"groups": [], "user_permissions": []}}, {"model": "rentals.homeowner", "pk": 22, "fields": {"groups": [], "user_permissions": []}}, {"model": "rentals.homeowner", "pk": 24, "fields": {"groups": [], "user_permissions": []}}, {"model": "rentals.homeowner", "pk": 26, "fields": {"groups": [], "user_permissions": []}}, {"model": "rentals.homeowner", "pk": 28, "fields": {"groups": [], "user_permissions": []}}, {"model": "rentals.homeowner", "pk": 30, "fields": {"groups": [], "user_permissions": []}}, {"model": "rentals.homeowner", "pk": 32, "fields": {"groups": [], "user_permissions": []}}, {"model": "rentals.homeowner", "pk": 34, "fields": {"groups": [], "user_permissions": []}}, {"model": "rentals.homeowner", "pk": 36, "fields": {"groups": [], "user_permissions": []}}, {"model": "rentals.homeowner", "pk": 38, "fields": {"groups": [], "user_permissions": []}}, {"model": "rentals.homeowner", "pk": 40, "fields": {"groups": [], "user_permissions": []}}, {"model": "rentals.homeowner", "pk": 42, "fields": {"groups": [], "user_permissions": []}}, {"model": "rentals.homeowner", "pk": 44, "fields": {"groups": [], "user_permissions": []}}, {"model": "rentals.homeowner", "pk": 46, "fields": {"groups": [], "user_permissions": []}}, {"model": "rentals.homeowner", "pk": 48, "fields": {"groups": [], "user_permissions": []}}, {"model": "rentals.homeowner", "pk": 50, "fields": {"groups": [], "user_permissions": []}}, {"model": "rentals.renter", "pk": 3, "fields": {"groups": [], "user_permissions": []}}, {"model": "rentals.renter", "pk": 5, "fields": {"groups": [], "user_permissions": []}}, {"model": "rentals.renter", "pk": 7, "fields": {"groups": [], "user_permissions": []}}, {"model": "rentals.renter", "pk": 9, "fields": {"groups": [], "user_permissions": []}}, {"model": "rentals.renter", "pk": 11, "fields": {"groups": [], "user_permissions": []}}, {"model": "rentals.renter", "pk": 13, "fields": {"groups": [], "user_permissions": []}}, {"model": "rentals.renter", "pk": 15, "fields": {"groups": [], "user_permissions": []}}, {"model": "rentals.renter", "pk": 17, "fields": {"groups": [], "user_permissions": []}}, {"model": "rentals.renter", "pk": 19, "fields": {"groups": [], "user_permissions": []}}, {"model": "rentals.renter", "pk": 21, "fields": {"groups": [], "user_permissions": []}}, {"model": "rentals.renter", "pk": 23, "fields": {"groups": [], "user_permissions": []}}, {"model": "rentals.renter", "pk": 25, "fields": {"groups": [], "user_permissions": []}}, {"model": "rentals.renter", "pk": 27, "fields": {"groups": [], "user_permissions": []}}, {"model": "rentals.renter", "pk": 29, "fields": {"groups": [], "user_permissions": []}}, {"model": "rentals.renter", "pk": 31, "fields": {"groups": [], "user_permissions": []}}, {"model": "rentals.renter", "pk": 33, "fields": {"groups": [], "user_permissions": []}}, {"model": "rentals.renter", "pk": 35, "fields": {"groups": [], "user_permissions": []}}, {"model": "rentals.renter", "pk": 37, "fields": {"groups": [], "user_permissions": []}}, {"model": "rentals.renter", "pk": 39, "fields": {"groups": [], "user_permissions": []}}, {"model": "rentals.renter", "pk": 41, "fields": {"groups": [], "user_permissions": []}}, {"model": "rentals.renter", "pk": 43, "fields": {"groups": [], "user_permissions": []}}, {"model": "rentals.renter", "pk": 45, "fields": {"groups": [], "user_permissions": []}}, {"model": "rentals.renter", "pk": 47, "fields": {"groups": [], "user_permissions": []}}, {"model": "rentals.renter", "pk": 49, "fields": {"groups": [], "user_permissions": []}}, {"model": "rentals.renter", "pk": 51, "fields": {"groups": [], "user_permissions": []}}, {"model": "rentals.property", "pk": 1, "fields": {"homeowner": 20, "address": "", "baths": 0, "rooms": 0, "furnished": false, "is_active": true}}, {"model": "rentals.property", "pk": 2, "fields": {"homeowner": 38, "address": "", "baths": 0, "rooms": 0, "furnished": false, "is_active": true}}, {"model": "rentals.property", "pk": 3, "fields": {"homeowner": 28, "address": "", "baths": 0, "rooms": 0, "furnished": false, "is_active": true}}, {"model": "rentals.property", "pk": 4, "fields": {"homeowner": 46, "address": "", "baths": 0, "rooms": 0, "furnished": false, "is_active": true}}, {"model": "rentals.property", "pk": 5, "fields": {"homeowner": 38, "address": "", "baths": 0, "rooms": 0, "furnished": false, "is_active": true}}, {"model": "rentals.property", "pk": 6, "fields": {"homeowner": 44, "address": "", "baths": 0, "rooms": 0, "furnished": false, "is_active": true}}, {"model": "rentals.property", "pk": 7, "fields": {"homeowner": 44, "address": "", "baths": 0, "rooms": 0, "furnished": false, "is_active": true}}, {"model": "rentals.property", "pk": 8, "fields": {"homeowner": 40, "address": "", "baths": 0, "rooms": 0, "furnished": false, "is_active": true}}, {"model": "rentals.property", "pk": 9, "fields": {"homeowner": 6, "address": "", "baths": 0, "rooms": 0, "furnished": false, "is_active": true}}, {"model": "rentals.property", "pk": 10, "fields": {"homeowner": 20, "address": "", "baths": 0, "rooms": 0, "furnished": false, "is_active": true}}, {"model": "rentals.property", "pk": 11, "fields": {"homeowner": 10, "address": "", "baths": 0, "rooms": 0, "furnished": false, "is_active": true}}, {"model": "rentals.property", "pk": 12, "fields": {"homeowner": 42, "address": "", "baths": 0, "rooms": 0, "furnished": false, "is_active": true}}, {"model": "rentals.property", "pk": 13, "fields": {"homeowner": 32, "address": "", "baths": 0, "rooms": 0, "furnished": false, "is_active": true}}, {"model": "rentals.property", "pk": 14, "fields": {"homeowner": 22, "address": "", "baths": 0, "rooms": 0, "furnished": false, "is_active": true}}, {"model": "rentals.property", "pk": 15, "fields": {"homeowner": 30, "address": "", "baths": 0, "rooms": 0, "furnished": false, "is_active": true}}, {"model": "rentals.property", "pk": 16, "fields": {"homeowner": 38, "address": "", "baths": 0, "rooms": 0, "furnished": false, "is_active": true}}, {"model": "rentals.property", "pk": 17, "fields": {"homeowner": 20, "address": "", "baths": 0, "rooms": 0, "furnished": false, "is_active": true}}, {"model": "rentals.property", "pk": 18, "fields": {"homeowner": 20, "address": "", "baths": 0, "rooms": 0, "furnished": false, "is_active": true}}, {"model": "rentals.property", "pk": 19, "fields": {"homeowner": 10, "address": "", "baths": 0, "rooms": 0, "furnished": false, "is_active": true}}, {"model": "rentals.property", "pk": 20, "fields": {"homeowner": 30, "address": "", "baths": 0, "rooms": 0, "furnished": false, "is_active": true}}, {"model": "rentals.property", "pk": 21, "fields": {"homeowner": 32, "address": "", "baths": 0, "rooms": 0, "furnished": false, "is_active": true}}, {"model": "rentals.property", "pk": 22, "fields": {"homeowner": 4, "address": "", "baths": 0, "rooms": 0, "furnished": false, "is_active": true}}, {"model": "rentals.property", "pk": 23, "fields": {"homeowner": 46, "address": "", "baths": 0, "rooms": 0, "furnished": false, "is_active": true}}, {"model": "rentals.property", "pk": 24, "fields": {"homeowner": 16, "address": "", "baths": 0, "rooms": 0, "furnished": false, "is_active": true}}, {"model": "rentals.property", "pk": 25, "fields": {"homeowner": 8, "address": "", "baths": 0, "rooms": 0, "furnished": false, "is_active": true}}]